{"song_time": [6.893531560897827], "words_len_list": [855], "ave token time:": 124.02931537295278, "ave song time": 6.893531560897827}