{"song_time": [3.5675883293151855, 5.915552139282227, 4.172916889190674, 4.909303188323975, 4.634750604629517], "words_len_list": [734, 1245, 863, 1020, 940], "ave token time:": 206.98176697513395, "ave song time": 4.640022230148316}