{"song_time": [9.153648138046265], "words_len_list": [1249], "ave token time:": 136.44832979854783, "ave song time": 9.153648138046265}